{
  "@context": "https://linkedsoftwaredependencies.org/bundles/npm/@solid/community-server/^7.0.0/components/context.jsonld",
  "@graph": [
    {
      "comment": "Enable linking WebIDs to an account."
    },

    {
      "@id": "urn:solid-server:default:InteractionRouteHandler",
      "@type": "WaterfallHandler",
      "handlers": [
        { "@id": "urn:solid-server:default:AccountWebIdRouter" }
      ]
    },

    {
      "@id": "urn:solid-server:default:AccountControlHandler",
      "@type": "ControlHandler",
      "controls": [{
        "ControlHandler:_controls_key": "webId",
        "ControlHandler:_controls_value": { "@id": "urn:solid-server:default:AccountWebIdRoute" }
      }]
    },

    {
      "@id": "urn:solid-server:default:HtmlViewHandler",
      "@type": "HtmlViewHandler",
      "templates": [{
        "@id": "urn:solid-server:default:LinkWebIdHtml",
        "@type": "HtmlViewEntry",
        "filePath": "@css:templates/identity/account/link-webid.html.ejs",
        "route": { "@id": "urn:solid-server:default:AccountWebIdRoute" }
      }]
    },
    {
      "@id": "urn:solid-server:default:AccountHtmlControlHandler",
      "@type": "ControlHandler",
      "controls": [{
        "ControlHandler:_controls_key": "linkWebId",
        "ControlHandler:_controls_value": { "@id": "urn:solid-server:default:AccountWebIdRoute" }
      }]
    }
  ]
}
