{
  "@context": "https://linkedsoftwaredependencies.org/bundles/npm/@solid/community-server/^7.0.0/components/context.jsonld",
  "@graph": [
    {
      "comment": "Handles the password login interaction.",
      "@id": "urn:solid-server:default:LoginPasswordRouter",
      "@type": "InteractionRouteHandler",
      "route": {
        "@id": "urn:solid-server:default:LoginPasswordRoute",
        "@type": "RelativePathInteractionRoute",
        "base": { "@id": "urn:solid-server:default:LoginRoute" },
        "relativePath": "password/"
      },
      "source": {
        "@type": "ViewInteractionHandler",
        "source": {
          "@id": "urn:solid-server:default:PasswordLoginHandler",
          "@type": "PasswordLoginHandler",
          "accountStore": { "@id": "urn:solid-server:default:AccountStore" },
          "passwordStore": { "@id": "urn:solid-server:default:PasswordStore" },
          "cookieStore": { "@id": "urn:solid-server:default:CookieStore" }
        }
      }
    },

    {
      "@id": "urn:solid-server:default:InteractionRouteHandler",
      "@type": "WaterfallHandler",
      "handlers": [{ "@id": "urn:solid-server:default:LoginPasswordRouter" }]
    },

    {
      "@id": "urn:solid-server:default:PasswordControlHandler",
      "@type": "ControlHandler",
      "controls": [{
        "ControlHandler:_controls_key": "login",
        "ControlHandler:_controls_value": { "@id": "urn:solid-server:default:LoginPasswordRoute" }
      }]
    },

    {
      "@id": "urn:solid-server:default:HtmlViewHandler",
      "@type": "HtmlViewHandler",
      "templates": [{
        "@id": "urn:solid-server:default:PasswordLoginHtml",
        "@type": "HtmlViewEntry",
        "filePath": "@css:templates/identity/password/login.html.ejs",
        "route": { "@id": "urn:solid-server:default:LoginPasswordRoute" }
      }]
    },
    {
      "ControlHandler:_controls_value": {
        "@id": "urn:solid-server:default:PasswordHtmlControlHandler",
        "@type": "ControlHandler",
        "controls": [{
          "ControlHandler:_controls_key": "login",
          "ControlHandler:_controls_value": { "@id": "urn:solid-server:default:LoginPasswordRoute" }
        }]
      }
    }
  ]
}
