{
  "@context": "https://linkedsoftwaredependencies.org/bundles/npm/@solid/community-server/^7.0.0/components/context.jsonld",
  "@graph": [
    {
      "comment": "Adds a link header pointing to the storage description resource.",
      "@id": "urn:solid-server:default:MetadataWriter_StorageDescription",
      "@type": "StorageDescriptionAdvertiser",
      "storageStrategy": { "@id": "urn:solid-server:default:StorageLocationStrategy" },
      "relativePath": { "@id": "urn:solid-server:default:variable:storageDescriptionPath" }
    }
  ]
}
