{
  "@context": "https://linkedsoftwaredependencies.org/bundles/npm/@solid/community-server/^7.0.0/components/context.jsonld",
  "@graph": [
    {
      "comment": "Adds several constant headers.",
      "@id": "urn:solid-server:default:Middleware_Header",
      "@type": "HeaderHandler",
      "headers": [
        {
          "HeaderHandler:_headers_key": "Vary",
          "HeaderHandler:_headers_value": "Accept,Authorization,Origin"
        },
        {
          "HeaderHandler:_headers_key": "X-Powered-By",
          "HeaderHandler:_headers_value": "Community Solid Server"
        },
        {
          "HeaderHandler:_headers_key": "Accept-Ranges",
          "HeaderHandler:_headers_value": "bytes"
        }
      ]
    }
  ]
}
