{
  "@context": "https://linkedsoftwaredependencies.org/bundles/npm/@solid/community-server/^7.0.0/components/context.jsonld",
  "import": [
    "css:config/app/variables/cli/cli.json",
    "css:config/app/variables/resolver/resolver.json"
  ],
  "@graph": [
    {
      "comment": "Combines a CliExtractor and ShorthandResolver to be used by the AppRunner.",
      "@id": "urn:solid-server-app-setup:default:CliResolver",
      "@type": "CliResolver",
      "cliExtractor": { "@id": "urn:solid-server-app-setup:default:CliExtractor" },
      "shorthandResolver": { "@id": "urn:solid-server-app-setup:default:ShorthandResolver" }
    }
  ]
}
