{
  "@context": "https://linkedsoftwaredependencies.org/bundles/npm/@solid/community-server/^7.0.0/components/context.jsonld",
  "@graph": [
    {
      "comment": "Allows multiple simultaneous read operations. Locks are stored on filesystem. Locks expire after inactivity. This locker is threadsafe.",
      "@id": "urn:solid-server:default:ResourceLocker",
      "@type": "WrappedExpiringReadWriteLocker",
      "locker": {
        "@type": "PartialReadWriteLocker",
        "locker": {
          "@id": "urn:solid-server:default:FileSystemResourceLocker",
          "@type": "FileSystemResourceLocker",
          "args_rootFilePath": { "@id": "urn:solid-server:default:variable:rootFilePath" }
        }
      },
      "expiration": 6000
    },
    {
      "@id": "urn:solid-server:default:CleanupInitializer",
      "@type": "SequenceHandler",
      "handlers": [
        {
          "comment": "Makes sure the FileSystemResourceLocker starts with a clean slate when the application is started.",
          "@type": "InitializableHandler",
          "initializable": { "@id": "urn:solid-server:default:FileSystemResourceLocker" }
        }
      ]
    },
    {
      "@id": "urn:solid-server:default:CleanupFinalizer",
      "@type": "SequenceHandler",
      "handlers": [
        {
          "comment": "Makes sure the lock folder is removed when the application stops.",
          "@type": "FinalizableHandler",
          "finalizable": { "@id": "urn:solid-server:default:FileSystemResourceLocker" }
        }
      ]
    }
  ]
}
