{
  "@context": "https://linkedsoftwaredependencies.org/bundles/npm/@solid/community-server/^7.0.0/components/context.jsonld",
  "@graph": [
    {
      "comment": "Allows multiple simultaneous read operations. Locks are stored in memory. Locks expire after inactivity.",
      "@id": "urn:solid-server:default:ResourceLocker",
      "@type": "WrappedExpiringReadWriteLocker",
      "locker": {
        "@type": "GreedyReadWriteLocker",
        "locker": {
          "@type": "MemoryResourceLocker"
        },
        "storage": { "@id": "urn:solid-server:default:LockStorage" }
      },
      "expiration": 6000
    }
  ]
}
