{
  "@context": "https://linkedsoftwaredependencies.org/bundles/npm/@solid/community-server/^7.0.0/components/context.jsonld",
  "@graph": [
    {
      "comment": "Allows multiple simultaneous read operations. All locks are threadsafe.",
      "@id": "urn:solid-server:default:ResourceLocker",
      "@type": "WrappedExpiringReadWriteLocker",
      "locker": {
        "@id": "urn:solid-server:default:RedisLocker",
        "@type": "RedisLocker"
      },
      "expiration": 6000
    },
    {
      "@id": "urn:solid-server:default:CleanupInitializer",
      "@type": "SequenceHandler",
      "handlers": [
        {
          "comment": "Makes sure the RedisLocker starts with a clean slate when the application is started.",
          "@type": "InitializableHandler",
          "initializable": { "@id": "urn:solid-server:default:RedisLocker" }
        }
      ]
    },
    {
      "@id": "urn:solid-server:default:CleanupFinalizer",
      "@type": "SequenceHandler",
      "handlers": [
        {
          "comment": "Makes sure the redis connection is closed when the application needs to stop. Also deletes still-existing locks and counters.",
          "@type": "FinalizableHandler",
          "finalizable": { "@id": "urn:solid-server:default:RedisLocker" }
        }
      ]
    }
  ]
}
