{
  "@context": "https://linkedsoftwaredependencies.org/bundles/npm/@solid/community-server/^7.0.0/components/context.jsonld",
  "@graph": [
    {
      "comment": "Wraps around the main error handler as a fallback in case something goes wrong.",
      "@id": "urn:solid-server:default:ErrorHandler",
      "@type": "SafeErrorHandler",
      "showStackTrace": { "@id": "urn:solid-server:default:variable:showStackTrace" },
      "errorHandler": {
        "@id": "urn:solid-server:default:TargetExtractorErrorHandler",
        "@type": "TargetExtractorErrorHandler",
        "targetExtractor": { "@id": "urn:solid-server:default:TargetExtractor" },
        "errorHandler": {
          "@id": "urn:solid-server:default:WaterfallErrorHandler",
          "@type": "WaterfallHandler",
          "handlers": [
            {
              "comment": "Redirects are created internally by throwing a specific error; this handler converts them to the correct response.",
              "@id": "urn:solid-server:default:RedirectingErrorHandler",
              "@type": "RedirectingErrorHandler"
            },
            {
              "@id": "urn:solid-server:default:EmptyErrorHandler",
              "@type": "EmptyErrorHandler"
            },
            {
              "comment": "Converts an Error object into a representation for an HTTP response.",
              "@id": "urn:solid-server:default:ConvertingErrorHandler",
              "@type": "ConvertingErrorHandler",
              "converter": { "@id": "urn:solid-server:default:UiEnabledConverter" },
              "preferenceParser": { "@id": "urn:solid-server:default:PreferenceParser" },
              "showStackTrace": { "@id": "urn:solid-server:default:variable:showStackTrace" }
            }
          ]
        }
      }
    }
  ]
}
