{
  "@context": "https://linkedsoftwaredependencies.org/bundles/npm/@solid/community-server/^7.0.0/components/context.jsonld",
  "@graph": [
    {
      "comment": "Makes sure the root container exists and contains the necessary resources.",
      "@id": "urn:solid-server:default:RootInitializer",
      "@type": "ConditionalHandler",
      "storageKey": "rootInitialized",
      "storageValue": true,
      "storage": { "@id": "urn:solid-server:default:SetupStorage" },
      "source": {
        "@id": "urn:solid-server:default:RootContainerInitializer",
        "@type": "ContainerInitializer",
        "args_baseUrl": { "@id": "urn:solid-server:default:variable:baseUrl" },
        "args_path": "/",
        "args_store": { "@id": "urn:solid-server:default:ResourceStore" },
        "args_generator": {
          "@id": "urn:solid-server:default:RootFolderGenerator",
          "@type": "StaticFolderGenerator",
          "resourcesGenerator": { "@id": "urn:solid-server:default:TemplatedResourcesGenerator" }
        },
        "args_storageKey": "rootInitialized",
        "args_storage": { "@id": "urn:solid-server:default:SetupStorage" }
      }
    }
  ]
}
