{
  "@context": "https://linkedsoftwaredependencies.org/bundles/npm/@solid/community-server/^7.0.0/components/context.jsonld",
  "@graph": [
    {
      "comment": "Creates the server that starts listening for requests.",
      "@id": "urn:solid-server:default:ServerInitializer",
      "@type": "ServerInitializer",
      "serverFactory": { "@id": "urn:solid-server:default:ServerFactory" },
      "port": { "@id": "urn:solid-server:default:variable:port" },
      "socketPath": { "@id": "urn:solid-server:default:variable:socket" }
    }
  ]
}
