{
  "@context": "https://linkedsoftwaredependencies.org/bundles/npm/@solid/community-server/^7.0.0/components/context.jsonld",
  "import": [
    "css:config/ldp/authorization/readers/access-checkers/agent.json",
    "css:config/ldp/authorization/readers/access-checkers/agent-class.json",
    "css:config/ldp/authorization/readers/access-checkers/agent-group.json"
  ],
  "@graph": [
    {
      "@id": "urn:solid-server:default:OwnerPermissionReader",
      "@type": "OwnerPermissionReader",
      "authStrategy": { "@id": "urn:solid-server:default:AclStrategy" }
    },
    {
      "@id": "urn:solid-server:default:AuthAuxiliaryReader",
      "@type": "AuthAuxiliaryReader",
      "authStrategy": { "@id": "urn:solid-server:default:AclStrategy" },
      "reader": { "@id": "urn:solid-server:default:WebAclReader" }
    },

    {
      "comment": "Reads out permissions from an ACL document for subject resources.",
      "@id": "urn:solid-server:default:WebAclReader",
      "@type": "WebAclReader",
      "aclStrategy": { "@id": "urn:solid-server:default:AclStrategy" },
      "resourceSet": { "@id": "urn:solid-server:default:CachedResourceSet" },
      "aclStore": { "@id": "urn:solid-server:default:ResourceStore" },
      "identifierStrategy": { "@id": "urn:solid-server:default:IdentifierStrategy" },
      "accessChecker": {
        "@type": "BooleanHandler",
        "handlers": [
          { "@id": "urn:solid-server:default:AgentAccessChecker" },
          { "@id": "urn:solid-server:default:AgentClassAccessChecker" },
          { "@id": "urn:solid-server:default:AgentGroupAccessChecker" }
        ]
      }
    }
  ]
}
