{
  "@context": "https://linkedsoftwaredependencies.org/bundles/npm/@solid/community-server/^7.0.0/components/context.jsonld",
  "@graph": [
    {
      "@id": "urn:solid-server:default:OwnerPermissionReader",
      "@type": "OwnerPermissionReader",
      "authStrategy": { "@id": "urn:solid-server:default:AcrStrategy" }
    },
    {
      "@id": "urn:solid-server:default:AuthAuxiliaryReader",
      "@type": "AuthAuxiliaryReader",
      "authStrategy": { "@id": "urn:solid-server:default:AcrStrategy" },
      "reader": { "@id": "urn:solid-server:default:AcpReader" }
    },

    {
      "comment": "Reads out permissions from ACR documents for subject resources.",
      "@id": "urn:solid-server:default:AcpReader",
      "@type": "AcpReader",
      "acrStrategy": { "@id": "urn:solid-server:default:AcrStrategy" },
      "acrStore": { "@id": "urn:solid-server:default:ResourceStore" },
      "identifierStrategy": { "@id": "urn:solid-server:default:IdentifierStrategy" }
    }
  ]
}
