{
  "@context": "https://linkedsoftwaredependencies.org/bundles/npm/@solid/community-server/^7.0.0/components/context.jsonld",
  "@graph": [
    {
      "comment": "Makes sure the .well-known container has the necessary root resources. Some IDP resources are stored there due to OIDC requirements.",
      "@id": "urn:solid-server:default:WellKnownContainerInitializer",
      "@type": "ConditionalHandler",
      "storageKey": "wellKnownContainerInitialized",
      "storageValue": true,
      "storage": { "@id": "urn:solid-server:default:SetupStorage" },
      "source": {
        "@type": "ContainerInitializer",
        "args_baseUrl": { "@id": "urn:solid-server:default:variable:baseUrl" },
        "args_path": "/.well-known/",
        "args_store": { "@id": "urn:solid-server:default:ResourceStore" },
        "args_generator": {
          "@type": "StaticFolderGenerator",
          "templateFolder": "@css:templates/root/empty",
          "resourcesGenerator": { "@id": "urn:solid-server:default:TemplatedResourcesGenerator" }
        },
        "args_storageKey": "wellKnownContainerInitialized",
        "args_storage": { "@id": "urn:solid-server:default:SetupStorage" }
      }
    }
  ]
}
