{
  "@context": "https://linkedsoftwaredependencies.org/bundles/npm/@solid/community-server/^7.0.0/components/context.jsonld",
  "@graph": [
    {
      "comment": [
        "DO NOT USE IN PRODUCTION. ONLY FOR DEVELOPMENT, TESTING, OR DEBUGGING.",
        "Supports authentication headers such as `Authentication: WebID http://test.com/card#me`"
      ],
      "@id": "urn:solid-server:default:CredentialsExtractor",
      "@type": "UnionCredentialsExtractor",
      "extractors": [
        { "@type": "UnsecureWebIdExtractor" },
        { "@type": "PublicCredentialsExtractor" }
      ]
    }
  ]
}
