{
  "@context": "https://linkedsoftwaredependencies.org/bundles/npm/@solid/community-server/^7.0.0/components/context.jsonld",
  "@graph": [
    {
      "comment": "Caches the credentials based on the incoming request.",
      "@id": "urn:solid-server:default:CredentialsExtractor",
      "@type": "CachedHandler",
      "source": {
        "comment": "Supports DPoP and Bearer access tokens, or no credentials.",
        "@id": "urn:solid-server:default:UnionCredentialsExtractor",
        "@type": "UnionCredentialsExtractor",
        "extractors": [
          {
            "@id": "urn:solid-server:default:AccessTokenExtractor",
            "@type": "WaterfallHandler",
            "handlers": [
              {
                "@id": "urn:solid-server:default:DPoPWebIdExtractor",
                "@type": "DPoPWebIdExtractor",
                "originalUrlExtractor": {
                  "@id": "urn:solid-server:default:DPoPUrlExtractor",
                  "@type": "OriginalUrlExtractor",
                  "args_identifierStrategy": { "@id": "urn:solid-server:default:IdentifierStrategy" }
                }
              },
              {
                "@id": "urn:solid-server:default:BearerWebIdExtractor",
                "@type": "BearerWebIdExtractor"
              }
            ]
          },
          {
            "@id": "urn:solid-server:default:PublicCredentialsExtractor",
            "@type": "PublicCredentialsExtractor"
          }
        ]
      }
    }
  ]
}
