{
  "@context": "https://linkedsoftwaredependencies.org/bundles/npm/@solid/community-server/^7.0.0/components/context.jsonld",
  "import": [
    "css:config/app/init/static-root.json",
    "css:config/app/main/default.json",
    "css:config/app/variables/default.json",
    "css:config/http/handler/default.json",
    "css:config/http/middleware/default.json",
    "css:config/http/notifications/all.json",
    "css:config/http/server-factory/http.json",
    "css:config/http/static/default.json",
    "css:config/identity/access/public.json",
    "css:config/identity/email/default.json",
    "css:config/identity/handler/default.json",
    "css:config/identity/oidc/default.json",
    "css:config/identity/ownership/token.json",
    "css:config/identity/pod/static.json",
    "css:config/ldp/authentication/dpop-bearer.json",
    "css:config/ldp/authorization/webacl.json",
    "css:config/ldp/handler/default.json",
    "css:config/ldp/metadata-parser/default.json",
    "css:config/ldp/metadata-writer/default.json",
    "css:config/ldp/modes/default.json",
    "css:config/storage/backend/pod-quota-file.json",
    "css:config/storage/key-value/resource-store.json",
    "css:config/storage/location/pod.json",
    "css:config/storage/middleware/default.json",
    "css:config/util/auxiliary/acl.json",
    "css:config/util/identifiers/suffix.json",
    "css:config/util/index/default.json",
    "css:config/util/logging/winston.json",
    "css:config/util/representation-conversion/default.json",
    "css:config/util/resource-locker/file.json",
    "css:config/util/variables/default.json"
  ],
  "@graph": [
    {
      "comment": "A server that stores its resources on disk while enforcing quota."
    },
    {
      "comment": "Sets the maximum size of a single pod to 7KB.",
      "@id": "urn:solid-server:default:QuotaStrategy",
      "@type": "PodQuotaStrategy",
      "limit_amount": 7000,
      "limit_unit": "bytes"
    },
    {
      "@id": "urn:solid-server:default:SizeReporter",
      "@type": "FileSizeReporter",
      "ignoreFolders": [ "^/\\.internal$" ]
    }
  ]
}
