{
  "@context": "https://linkedsoftwaredependencies.org/bundles/npm/@solid/community-server/^7.0.0/components/context.jsonld",
  "import": [
    "css:config/http/handler/handlers/storage-description.json"
  ],
  "@graph": [
    {
      "comment": "These are all the handlers a request will go through until it is handled.",
      "@id": "urn:solid-server:default:HttpHandler",
      "@type": "SequenceHandler",
      "handlers": [
        { "@id": "urn:solid-server:default:Middleware" },
        {
          "@id": "urn:solid-server:default:BaseHttpHandler",
          "@type": "WaterfallHandler",
          "handlers": [
            { "@id": "urn:solid-server:default:StaticAssetHandler" },
            { "@id": "urn:solid-server:default:OidcHandler" },
            { "@id": "urn:solid-server:default:NotificationHttpHandler" },
            { "@id": "urn:solid-server:default:StorageDescriptionHandler" },
            { "@id": "urn:solid-server:default:AuthResourceHttpHandler" },
            { "@id": "urn:solid-server:default:IdentityProviderHandler" },
            { "@id": "urn:solid-server:default:LdpHandler" }
          ]
        }
      ]
    }
  ]
}
