{
  "@context": "https://linkedsoftwaredependencies.org/bundles/npm/@solid/community-server/^7.0.0/components/context.jsonld",
  "@graph": [
    {
      "comment": "Handles pod creation.",
      "@id": "urn:solid-server:default:AccountPodRouter",
      "@type": "AuthorizedRouteHandler",
      "route": {
        "@id": "urn:solid-server:default:AccountPodRoute",
        "@type": "RelativePathInteractionRoute",
        "base": { "@id": "urn:solid-server:default:AccountIdRoute" },
        "relativePath": "pod/"
      },
      "source": {
        "@type": "ViewInteractionHandler",
        "source": {
          "@id": "urn:solid-server:default:CreatePodHandler",
          "@type": "CreatePodHandler",
          "podStore": { "@id": "urn:solid-server:default:PodStore" },
          "webIdLinkRoute": { "@id": "urn:solid-server:default:AccountWebIdLinkRoute" },
          "podIdRoute": { "@id": "urn:solid-server:default:AccountPodIdRoute" },
          "allowRoot": false,
          "podCreator": {
            "@id": "urn:solid-server:default:PodCreator",
            "@type": "BasePodCreator",
            "baseUrl": { "@id": "urn:solid-server:default:variable:baseUrl" },
            "identifierGenerator": { "@id": "urn:solid-server:default:IdentifierGenerator" },
            "relativeWebIdPath": "/profile/card#me",
            "webIdStore": { "@id": "urn:solid-server:default:WebIdStore" },
            "podStore": { "@id": "urn:solid-server:default:PodStore" }
          }
        }
      }
    }
  ]
}
