{
  "@context": "https://linkedsoftwaredependencies.org/bundles/npm/@solid/community-server/^7.0.0/components/context.jsonld",
  "@graph": [
    {
      "comment": "Contains all features of metadata auxiliary resources (suffix, link header, etc.).",
      "@id": "urn:solid-server:default:MetadataStrategy",
      "@type": "ComposedAuxiliaryStrategy",
      "identifierStrategy": { "@id": "urn:solid-server:default:MetadataIdentifierStrategy" },
      "ownAuthorization": false,
      "requiredInRoot": false
    },
    {
      "@id": "urn:solid-server:default:MetadataIdentifierStrategy",
      "@type": "SuffixAuxiliaryIdentifierStrategy",
      "suffix": ".meta"
    }
  ]
}
