{
  "@context": "https://linkedsoftwaredependencies.org/bundles/npm/@solid/community-server/^7.0.0/components/context.jsonld",
  "@graph": [
    {
      "comment": "Uses the JSON data as parameters for a template.",
      "@id": "urn:solid-server:default:DynamicJsonToTemplateConverter",
      "@type": "DynamicJsonToTemplateConverter",
      "templateEngine": {
        "comment": "Renders the specific page and embeds it into the main HTML body.",
        "@type": "ChainedTemplateEngine",
        "renderedName": "htmlBody",
        "engines": [
          {
            "comment": "Will be called with specific templates to generate HTML snippets.",
            "@id": "urn:solid-server:default:TemplateEngine"
          },
          { "@id": "urn:solid-server:default:MainTemplateEngine" }
        ]
      }
    }
  ]
}
