{
  "@context": "https://linkedsoftwaredependencies.org/bundles/npm/@solid/community-server/^7.0.0/components/context.jsonld",
  "@graph": [
    {
      "@id": "urn:solid-server:default:ServerConfigurator",
      "@type": "ParallelHandler",
      "handlers": [
        {
          "comment": "Handles all request events from the server.",
          "@id": "urn:solid-server:default:HandlerServerConfigurator",
          "@type": "HandlerServerConfigurator",
          "handler": { "@id": "urn:solid-server:default:HttpHandler" },
          "showStackTrace": { "@id": "urn:solid-server:default:variable:showStackTrace" }
        },
        {
          "comment": "Handles all WebSocket connections to the server.",
          "@id": "urn:solid-server:default:WebSocketServerConfigurator",
          "@type": "WebSocketServerConfigurator",
          "handler": {
            "@id": "urn:solid-server:default:WebSocketHandler",
            "@type": "WaterfallHandler",
            "handlers": []
          }
        }
      ]
    }
  ]
}
