{
  "@context": "https://linkedsoftwaredependencies.org/bundles/npm/@solid/community-server/^7.0.0/components/context.jsonld",
  "import": [
    "css:config/app/init/default.json",
    "css:config/app/init/initializers/root.json"
  ],
  "@graph": [
    {
      "comment": "Initializes the root container resource.",
      "@id": "urn:solid-server:default:PrimaryParallelInitializer",
      "@type": "ParallelHandler",
      "handlers": [
        { "@id": "urn:solid-server:default:RootInitializer" }
      ]
    },
    {
      "@id": "urn:solid-server:default:RootFolderGenerator",
      "@type": "StaticFolderGenerator",
      "templateFolder": "@css:templates/root/empty"
    }
  ]
}
