{
  "@context": "https://linkedsoftwaredependencies.org/bundles/npm/@solid/community-server/^7.0.0/components/context.jsonld",
  "@graph": [
    {
      "@id": "urn:solid-server:default:PasswordStore",
      "@type": "BasePasswordStore",
      "storage": { "@id": "urn:solid-server:default:AccountStorage" }
    },
    {
      "comment": "Initialize the password store. Also necessary on primary thread for pod seeding.",
      "@id": "urn:solid-server:default:PrimaryParallelInitializer",
      "@type": "ParallelHandler",
      "handlers": [
        { "@id": "urn:solid-server:default:PasswordStore" }
      ]
    },
    {
      "comment": "Initialize the password store.",
      "@id": "urn:solid-server:default:EarlyProcessParallelInitializer",
      "@type": "ParallelHandler",
      "handlers": [
        { "@id": "urn:solid-server:default:PasswordStore" }
      ]
    },

    {
      "@id": "urn:solid-server:default:ForgotPasswordStore",
      "@type": "BaseForgotPasswordStore",
      "storage": {
        "@id": "urn:solid-server:default:ForgotPasswordStorage",
        "@type": "WrappedExpiringStorage",
        "source": {
          "@type": "ContainerPathStorage",
          "relativePath": "/accounts/forgot-password/",
          "source": { "@id": "urn:solid-server:default:KeyValueStorage" }
        }
      }
    }
  ]
}
